{"cameraMode":{"drawMode":0,"name":"Shaded","section":"Shading Mode"},"sceneLighting":true,"audioPlay":false,"sceneViewState":{"showFog":true,"showMaterialUpdate":false,"showSkybox":true,"showFlares":true,"showImageEffects":true,"showParticleSystems":true},"in2DMode":false,"pivot":{"x":35.13007736206055,"y":13.514015197753907,"z":-27.98708724975586},"rotation":{"x":-0.3370106518268585,"y":0.018918802961707116,"z":-0.0067790811881423,"w":-0.9412943124771118},"size":15.393779754638672,"orthographic":false}