{"cameraMode":{"drawMode":0,"name":"Shaded","section":"Shading Mode"},"sceneLighting":true,"audioPlay":false,"sceneViewState":{"showFog":true,"showMaterialUpdate":false,"showSkybox":true,"showFlares":true,"showImageEffects":true,"showParticleSystems":true},"in2DMode":false,"pivot":{"x":43.820274353027347,"y":4.298248291015625,"z":-66.89283752441406},"rotation":{"x":-0.7378039956092835,"y":-0.0006090941024012864,"z":0.0006664108950644732,"w":-0.675017237663269},"size":240.57041931152345,"orthographic":false}