{"cameraMode":{"drawMode":0,"name":"Shaded","section":"Shading Mode"},"sceneLighting":true,"audioPlay":false,"sceneViewState":{"showFog":true,"showMaterialUpdate":false,"showSkybox":false,"showFlares":true,"showImageEffects":true,"showParticleSystems":true},"in2DMode":false,"pivot":{"x":-5.760029315948486,"y":3.1403040885925295,"z":-1.5869207382202149},"rotation":{"x":-0.4920347332954407,"y":-0.14312419295310975,"z":0.08238855749368668,"w":-0.8547723889350891},"size":1.0359864234924317,"orthographic":false}