{"cameraMode":{"drawMode":0,"name":"Shaded","section":"Shading Mode"},"sceneLighting":false,"audioPlay":false,"sceneViewState":{"showFog":true,"showMaterialUpdate":false,"showSkybox":false,"showFlares":true,"showImageEffects":true,"showParticleSystems":true},"in2DMode":false,"pivot":{"x":0.4481116533279419,"y":-1.7686643600463868,"z":-0.10024785995483399},"rotation":{"x":-0.5201050639152527,"y":-0.09515362232923508,"z":0.05844632536172867,"w":-0.8467742800712586},"size":6.750034332275391,"orthographic":false}