{"cameraMode":{"drawMode":0,"name":"Shaded","section":"Shading Mode"},"sceneLighting":true,"audioPlay":false,"sceneViewState":{"showFog":true,"showMaterialUpdate":false,"showSkybox":true,"showFlares":true,"showImageEffects":true,"showParticleSystems":true},"in2DMode":false,"pivot":{"x":109.4230728149414,"y":-231.1919403076172,"z":65.04727935791016},"rotation":{"x":0.5613703727722168,"y":-0.011171294376254082,"z":0.007578987628221512,"w":0.8274550437927246},"size":413.74859619140627,"orthographic":false}