{"cameraMode":{"drawMode":0,"name":"Shaded","section":"Shading Mode"},"sceneLighting":false,"audioPlay":false,"sceneViewState":{"showFog":true,"showMaterialUpdate":false,"showSkybox":false,"showFlares":true,"showImageEffects":true,"showParticleSystems":true},"in2DMode":false,"pivot":{"x":3.3550009727478029,"y":-3.1464033126831056,"z":-0.2863321304321289},"rotation":{"x":-0.555183470249176,"y":0.0503288097679615,"z":-0.03368283063173294,"w":-0.8295236229896545},"size":13.466521263122559,"orthographic":false}