{"cameraMode":{"drawMode":0,"name":"Shaded","section":"Shading Mode"},"sceneLighting":true,"audioPlay":false,"sceneViewState":{"showFog":true,"showMaterialUpdate":false,"showSkybox":true,"showFlares":true,"showImageEffects":true,"showParticleSystems":true},"in2DMode":false,"pivot":{"x":32.6392822265625,"y":14.3125,"z":-19.22998046875},"rotation":{"x":0.7172531485557556,"y":-0.015668533742427827,"z":0.016144588589668275,"w":0.6964654922485352},"size":116.95954895019531,"orthographic":true}